<?xml version="1.0" encoding="UTF-8"?>
<project-private xmlns="http://www.netbeans.org/ns/project-private/1">
    <editor-bookmarks xmlns="http://www.netbeans.org/ns/editor-bookmarks/2" lastBookmarkId="0"/>
    <open-files xmlns="http://www.netbeans.org/ns/projectui-open-files/2">
        <group>
            <file>file:/D:/OneDrive%20-%20Soluciones%20Marva/MPLABx/XC8/LCD_XC8.X/config.c</file>
            <file>file:/D:/OneDrive%20-%20Soluciones%20Marva/MPLABx/XC8/LCD_XC8.X/config.h</file>
            <file>file:/D:/OneDrive%20-%20Soluciones%20Marva/MPLABx/XC8/LCD_XC8.X/lcd1.h</file>
            <file>file:/D:/OneDrive%20-%20Soluciones%20Marva/MPLABx/XC8/LCD_XC8.X/Main_LCD_XC8.c</file>
        </group>
    </open-files>
</project-private>
